{"title":"main variation","id":"unit_for_post_from_membership.default","settings":{"table":null,"option_1_item_value":null,"option_1_container_style":null,"option_1_container_item_style":null,"option_2_item_value":null,"option_2_container_style":null,"option_2_container_item_style":null,"option_3_item_value":null,"option_3_container_style":null,"option_3_container_item_style":null,"p_unit1":"price_calculate.default","p_unit2":"product_single_quantity.default","p_unit3":"add_to_cart.default","unit2":null,"unit3":null,"unit4":null,"option_5_item_value":null,"option_5_container_style":null,"option_5_container_item_style":null}}